	Emote	Count	Precision	Recall	F1
8	LUL	1108	0.6692865779927448	0.9990974729241877	0.8015930485155685
11	<3	867	0.6702786377708978	0.9988465974625144	0.8022232515053266
3	KEKW	591	0.9650582362728786	0.9813874788494078	0.9731543624161073
2	pepeD	418	0.9664268585131894	0.9641148325358851	0.9652694610778443
0	wolfShy	368	0.8086124401913876	0.9184782608695652	0.8600508905852416
6	Kappa	328	0.9700374531835206	0.7896341463414634	0.8705882352941177
12	wolfVibe	276	0.8881118881118881	0.9202898550724637	0.903914590747331
29	wolfJoker	213	0.9043062200956937	0.8873239436619719	0.895734597156398
44	wolfHit	114	1.0	0.9473684210526315	0.972972972972973
4	wolfSend	104	1.0	0.9711538461538461	0.9853658536585366
20	PepeLaugh	102	0.9733333333333334	0.7156862745098039	0.824858757062147
35	:D	100	1.0	0.35	0.5185185185185185
47	wolfGG	85	1.0	0.9764705882352941	0.988095238095238
14	Clap	84	0.975	0.9285714285714286	0.951219512195122
24	D:	82	1.0	0.7926829268292683	0.8843537414965986
17	wolfIMP	74	1.0	0.9054054054054054	0.950354609929078
31	catJAM	73	0.967741935483871	0.821917808219178	0.8888888888888888
9	OMEGALUL	70	1.0	0.9142857142857143	0.955223880597015
21	peepoHey	62	0.9772727272727273	0.6935483870967742	0.8113207547169812
33	TombRaid	59	1.0	1.0	1.0
26	NotLikeThis	51	1.0	0.6470588235294118	0.7857142857142858
103	wolfSmoke	51	1.0	0.9607843137254902	0.98
25	POG	50	0.609375	0.78	0.6842105263157895
52	POGGERS	48	1.0	0.8125	0.896551724137931
54	BOP	48	1.0	0.875	0.9333333333333333
13	PogChamp	41	1.0	0.8780487804878049	0.9350649350649352
30	wolfTrain4	39	1.0	0.9487179487179487	0.9736842105263158
43	Pog	37	0.8	0.10810810810810811	0.19047619047619047
63	wolfTrain3	36	1.0	0.8888888888888888	0.9411764705882353
15	wolfCrown	35	1.0	0.6857142857142857	0.8135593220338984
82	wolfSip	35	1.0	0.6285714285714286	0.7719298245614035
5	Sadge	29	1.0	0.6896551724137931	0.8163265306122449
23	BibleThump	29	1.0	0.4827586206896552	0.6511627906976745
84	wolfTea	28	1.0	0.8928571428571429	0.9433962264150945
28	wolfGravyR	26	1.0	0.5769230769230769	0.7317073170731707
45	RIP	26	1.0	0.07692307692307693	0.14285714285714288
70	wolfFirst	25	1.0	0.96	0.9795918367346939
51	wolfBoomer	25	1.0	0.76	0.8636363636363636
18	Kreygasm	24	1.0	0.5	0.6666666666666666
100	wolfMonkaS	24	1.0	0.6666666666666666	0.8
19	wolfVent	24	1.0	0.75	0.8571428571428571
10	wolfBaby	22	1.0	0.3181818181818182	0.4827586206896552
75	SHEESH	20	1.0	0.9	0.9473684210526316
67	wolfPopcorn	20	1.0	0.9	0.9473684210526316
79	SeemsGood	19	NA	0.0	NA
50	wolfG1	19	1.0	0.631578947368421	0.7741935483870968
57	monkaW	19	1.0	0.631578947368421	0.7741935483870968
40	HeyGuys	18	NA	0.0	NA
59	bleedPurple	17	1.0	0.17647058823529413	0.3
56	:p	17	1.0	0.058823529411764705	0.1111111111111111
78	wolfEject	16	1.0	0.8125	0.896551724137931
83	Bruh	16	NA	0.0	NA
64	monkaS	16	1.0	0.5625	0.72
53	VirtualHug	16	1.0	0.0625	0.11764705882352941
62	LULW	16	1.0	0.6875	0.8148148148148148
60	WutFace	16	NA	0.0	NA
104	peepoShy	15	1.0	0.4	0.5714285714285715
91	CoolCat	14	0.9	0.6428571428571429	0.75
88	wolfBits	14	1.0	0.14285714285714285	0.25
36	ResidentSleeper	14	1.0	0.21428571428571427	0.35294117647058826
46	PepeHands	13	1.0	0.6153846153846154	0.761904761904762
160	wolfBlind	12	1.0	0.8333333333333334	0.9090909090909091
95	FeelsBadMan	11	1.0	0.5454545454545454	0.7058823529411764
74	wolfDork	10	1.0	0.7	0.8235294117647058
124	wolfGravy	10	1.0	0.8	0.888888888888889
16	wolfStare	10	NA	0.0	NA
105	wolfDavid	10	1.0	0.1	0.18181818181818182
150	TriHard	10	1.0	0.7	0.8235294117647058
37	PJSalt	10	NA	0.0	NA
151	wolfClown	10	NA	0.0	NA
96	wolfGoat	9	1.0	0.1111111111111111	0.19999999999999998
145	wolfNana	9	1.0	1.0	1.0
106	wolfGun	9	1.0	0.2222222222222222	0.3636363636363636
110	NOOOO	9	NA	0.0	NA
73	OhMyDog	9	1.0	1.0	1.0
109	wolfGold	9	NA	0.0	NA
72	wolfCoffee	9	NA	0.0	NA
71	GlitchCat	8	NA	0.0	NA
115	PogU	8	1.0	0.625	0.7692307692307693
120	:O	8	0.8	0.5	0.6153846153846154
122	LETSGO	8	NA	0.0	NA
61	Keepo	8	NA	0.0	NA
141	wolfRun	7	NA	0.0	NA
159	:|	7	1.0	1.0	1.0
92	wolfSnipe1	7	1.0	1.0	1.0
42	wolfSike	7	1.0	0.8571428571428571	0.923076923076923
153	wolfRip	7	1.0	0.8571428571428571	0.923076923076923
121	wolfSnipe2	6	1.0	0.6666666666666666	0.8
87	wolf1HP	6	NA	0.0	NA
38	wolfClip	6	NA	0.0	NA
112	wolfFlake	6	NA	0.0	NA
48	TheRinger	6	NA	0.0	NA
119	:o	6	NA	0.0	NA
152	TwitchUnity	5	NA	0.0	NA
39	tfueRAID	5	NA	0.0	NA
196	wolfCEO	5	NA	0.0	NA
189	wolfDead	5	NA	0.0	NA
86	GlitchNRG	5	NA	0.0	NA
66	BegWan	5	NA	0.0	NA
65	GayPride	5	NA	0.0	NA
140	:P	5	NA	0.0	NA
207	wolfGravyL	4	NA	0.0	NA
219	nickmercsFAM	4	NA	0.0	NA
143	FeelsBirthdayMan	4	NA	0.0	NA
113	ThisIsFine	4	NA	0.0	NA
157	SSSsss	4	NA	0.0	NA
173	KomodoHype	4	1.0	0.25	0.4
130	OpieOP	4	NA	0.0	NA
154	DansGame	4	1.0	0.25	0.4
118	YEP	4	NA	0.0	NA
32	VoteYea	4	NA	0.0	NA
49	4Head	4	NA	0.0	NA
69	LuL	4	NA	0.0	NA
90	wolfDono	3	NA	0.0	NA
187	xqcL	3	NA	0.0	NA
181	BloodTrail	3	NA	0.0	NA
180	KonCha	3	NA	0.0	NA
168	SingsNote	3	NA	0.0	NA
7	TheIlluminati	3	NA	0.0	NA
81	monkaX	3	NA	0.0	NA
142	ludwigW	3	NA	0.0	NA
85	KappaRoss	3	NA	0.0	NA
136	PauseChamp	3	NA	0.0	NA
132	wolfDA	3	NA	0.0	NA
108	BabyRage	3	NA	0.0	NA
93	MrDestructoid	3	NA	0.0	NA
77	ludwigLove	2	NA	0.0	NA
102	PepoG	2	NA	0.0	NA
155	OOF	2	NA	0.0	NA
216	BOOMER	2	NA	0.0	NA
211	pokiH	2	NA	0.0	NA
126	HolidaySanta	2	NA	0.0	NA
1	monkaGun	2	NA	0.0	NA
165	AYAYA	2	NA	0.0	NA
158	VoHiYo	2	NA	0.0	NA
178	ludwigBlanket	2	NA	0.0	NA
116	CurseLit	2	NA	0.0	NA
114	GivePLZ	2	NA	0.0	NA
182	FeelsSnowyMan	2	NA	0.0	NA
204	peepoLove	2	NA	0.0	NA
41	SMOrc	2	NA	0.0	NA
167	FBtouchdown	2	NA	0.0	NA
135	Squid3	2	NA	0.0	NA
193	xqcTL	2	1.0	0.5	0.6666666666666666
133	nickmercsLG	2	NA	0.0	NA
123	5Head	2	NA	0.0	NA
162	NOPE	2	NA	0.0	NA
129	KKona	2	NA	0.0	NA
107	wolfHat	2	1.0	1.0	1.0
188	DxCat	2	NA	0.0	NA
235	LesbianPride	1	NA	0.0	NA
205	nickmercsQUE	1	NA	0.0	NA
198	pepeJAM	1	NA	0.0	NA
203	xqcOmega	1	NA	0.0	NA
202	BlackLivesMatter	1	NA	0.0	NA
201	xqcPog	1	NA	0.0	NA
200	tfueCRACK	1	NA	0.0	NA
199	tfueHIGH	1	NA	0.0	NA
197	;P	1	NA	0.0	NA
27	TakeNRG	1	NA	0.0	NA
195	tfueLOL	1	NA	0.0	NA
194	xqcHead	1	NA	0.0	NA
192	tfueBAN	1	NA	0.0	NA
206	xqcSleeper	1	NA	0.0	NA
229	AngelThump	1	NA	0.0	NA
22	:>	1	NA	0.0	NA
232	StinkyGlitch	1	NA	0.0	NA
228	panicBasket	1	NA	0.0	NA
227	ludwig7	1	NA	0.0	NA
226	sumGG	1	NA	0.0	NA
225	xqcM	1	NA	0.0	NA
230	WTFF	1	NA	0.0	NA
224	tatW	1	NA	0.0	NA
223	TransgenderPride	1	NA	0.0	NA
222	xqcWut	1	NA	0.0	NA
221	xqcKek	1	NA	0.0	NA
231	;p	1	NA	0.0	NA
233	SoonerLater	1	NA	0.0	NA
208	WICKED	1	NA	0.0	NA
220	xqcY	1	NA	0.0	NA
218	lupo3	1	NA	0.0	NA
217	nickmercsANGRY	1	NA	0.0	NA
215	HSWP	1	NA	0.0	NA
191	MorphinTime	1	NA	0.0	NA
214	KappaClaus	1	NA	0.0	NA
234	Hmmm	1	NA	0.0	NA
213	Jebaited	1	NA	0.0	NA
212	pepeLaugh	1	NA	0.0	NA
209	wolfG2	1	NA	0.0	NA
210	Kapp	1	NA	0.0	NA
34	DendiFace	1	NA	0.0	NA
190	heelBARS	1	NA	0.0	NA
134	tatKevinH	1	NA	0.0	NA
148	Stonks	1	NA	0.0	NA
147	xqcHug	1	NA	0.0	NA
146	tfueRAT	1	NA	0.0	NA
80	GunRun	1	NA	0.0	NA
144	nickmercsGG	1	NA	0.0	NA
89	tatS	1	NA	0.0	NA
139	tfueLASER	1	NA	0.0	NA
138	tfueLOVE	1	NA	0.0	NA
137	pokiNT	1	NA	0.0	NA
131	EleGiggle	1	NA	0.0	NA
186	Wowwe	1	NA	0.0	NA
128	StoneLightning	1	NA	0.0	NA
127	DarkMode	1	NA	0.0	NA
125	tfueHI	1	NA	0.0	NA
94	NOP	1	NA	0.0	NA
97	peepoS	1	NA	0.0	NA
98	nickmercsNECK	1	NA	0.0	NA
99	tfueROLL	1	NA	0.0	NA
117	CrreamAwk	1	NA	0.0	NA
101	PeepoGiggle	1	NA	0.0	NA
149	tatFat	1	NA	0.0	NA
76	TBAngel	1	NA	0.0	NA
68	wolfPrime	1	NA	0.0	NA
58	TF2John	1	NA	0.0	NA
185	GlitchLit	1	NA	0.0	NA
184	lupoLOVE	1	NA	0.0	NA
183	FeelsGoodMan	1	1.0	1.0	1.0
179	VoteNay	1	NA	0.0	NA
177	gachiHYPER	1	NA	0.0	NA
176	o_O	1	NA	0.0	NA
175	Pepega	1	NA	0.0	NA
174	Okayge	1	NA	0.0	NA
111	FailFish	1	NA	0.0	NA
172	wolfGun2	1	NA	0.0	NA
171	TwitchVotes	1	NA	0.0	NA
170	nickmercsPOP	1	NA	0.0	NA
169	mythMods	1	NA	0.0	NA
166	Hahaa	1	NA	0.0	NA
164	DoritosChip	1	NA	0.0	NA
163	DBstyle	1	NA	0.0	NA
161	FBCatch	1	NA	0.0	NA
55	pokiKEK	1	NA	0.0	NA
156	HYPERS	1	NA	0.0	NA
236	FrankerZ	1	NA	0.0	NA
237	OVERALL_DATA	6775	5592	1183.0	82.53874538745387
